epoch,accuracy,loss,val_accuracy,val_loss
0,0.4124999940395355,1.7372066974639893,0.6399999856948853,1.1695140600204468
1,0.6585000157356262,1.0643138885498047,0.7250000238418579,0.8775185942649841
2,0.7298333048820496,0.8617205619812012,0.7609999775886536,0.7844983339309692
3,0.7428333163261414,0.819586992263794,0.7799999713897705,0.7131345868110657
4,0.7555000185966492,0.7615722417831421,0.7820000052452087,0.6935482621192932
