epoch,accuracy,loss,val_accuracy,val_loss
0,0.15266667306423187,2.377415180206299,0.23100000619888306,2.020216941833496
1,0.3138333261013031,1.975379228591919,0.4959999918937683,1.6613433361053467
2,0.46933332085609436,1.634348750114441,0.6000000238418579,1.3535187244415283
