epoch,accuracy,loss,val_accuracy,val_loss
0,0.10716667026281357,2.3720147609710693,0.10999999940395355,2.28945255279541
1,0.11683333665132523,2.3041374683380127,0.14300000667572021,2.272667646408081
2,0.12833333015441895,2.287200927734375,0.23100000619888306,2.261704206466675
