epoch,accuracy,loss,val_accuracy,val_loss
0,0.6365000009536743,1.338018774986267,0.7369999885559082,0.9288820028305054
1,0.8398333191871643,0.6474730372428894,0.8339999914169312,0.6429517865180969
2,0.8808333277702332,0.4759267568588257,0.8399999737739563,0.5340093374252319
