epoch,accuracy,loss,val_accuracy,val_loss
0,0.09783333539962769,2.3931758403778076,0.10000000149011612,2.305626630783081
1,0.10899999737739563,2.307907819747925,0.1509999930858612,2.284335136413574
2,0.13116666674613953,2.287731170654297,0.21699999272823334,2.272826910018921
