epoch,accuracy,loss,val_accuracy,val_loss
0,0.9821666479110718,0.05717707797884941,0.9807000160217285,0.06559818238019943
1,0.9847666621208191,0.04915482550859451,0.98089998960495,0.06511084735393524
2,0.9862666726112366,0.043234262615442276,0.9818000197410583,0.06295212358236313
3,0.9870833158493042,0.04051138833165169,0.9817000031471252,0.06289320439100266
4,0.9876999855041504,0.03787466883659363,0.9828000068664551,0.06202836334705353
