epoch,accuracy,loss,val_accuracy,val_loss
0,0.1821666657924652,2.306074857711792,0.5910000205039978,1.915144681930542
1,0.36033332347869873,1.8882205486297607,0.6510000228881836,1.6289321184158325
2,0.4963333308696747,1.6181048154830933,0.7149999737739563,1.3976092338562012
3,0.5838333368301392,1.4020458459854126,0.7549999952316284,1.2132208347320557
4,0.6521666646003723,1.2320085763931274,0.7829999923706055,1.0677095651626587
