epoch,accuracy,loss,val_accuracy,val_loss
0,0.15716665983200073,2.378041982650757,0.27399998903274536,2.040226697921753
1,0.2985000014305115,2.0156590938568115,0.47600001096725464,1.6832371950149536
2,0.460999995470047,1.632908582687378,0.6129999756813049,1.3683518171310425
