epoch,accuracy,loss,val_accuracy,val_loss
0,0.8932999968528748,0.3766476511955261,0.9470000267028809,0.17883113026618958
1,0.9475333094596863,0.17930661141872406,0.9642999768257141,0.12204486131668091
2,0.9606333374977112,0.13279612362384796,0.9689000248908997,0.0984831154346466
3,0.9669333100318909,0.1101803258061409,0.9728000164031982,0.09009269624948502
4,0.9721500277519226,0.09371678531169891,0.9750000238418579,0.0812116488814354
