epoch,accuracy,loss,val_accuracy,val_loss
0,0.1965000033378601,2.294370651245117,0.5600000023841858,1.9126858711242676
1,0.3591666519641876,1.8927757740020752,0.6610000133514404,1.6327100992202759
2,0.5046666860580444,1.6010005474090576,0.7120000123977661,1.4008266925811768
