epoch,accuracy,loss,val_accuracy,val_loss
0,0.17800000309944153,2.2865617275238037,0.5490000247955322,1.9335287809371948
1,0.3529999852180481,1.9041824340820312,0.6570000052452087,1.6419434547424316
2,0.5049999952316284,1.6124740839004517,0.6880000233650208,1.4114763736724854
