epoch,accuracy,loss,val_accuracy,val_loss
0,0.8849833607673645,0.403669536113739,0.9431999921798706,0.19643628597259521
1,0.9436166882514954,0.19520124793052673,0.9595000147819519,0.1366208791732788
2,0.9579833149909973,0.14535930752754211,0.967199981212616,0.1121058464050293
3,0.9650833606719971,0.1209469810128212,0.9713000059127808,0.09666980803012848
4,0.9692666530609131,0.10323911160230637,0.9728999733924866,0.09009850770235062
